100,Imojean,Wooster,Imojean.Wooster@yopmail.com,6013020
101,Flory,Artie,Flory.Artie@yopmail.com,9454349
102,Mathilda,Frodi,Mathilda.Frodi@yopmail.com,4787474
103,Dotty,Marlie,Dotty.Marlie@yopmail.com,3687217
104,Diena,Riordan,Diena.Riordan@yopmail.com,8004272
105,Loree,Franza,Loree.Franza@yopmail.com,5189833
106,Ingrid,Ammann,Ingrid.Ammann@yopmail.com,4975123
107,Kristan,Merat,Kristan.Merat@yopmail.com,7677833
108,Dawn,Bartlett,Dawn.Bartlett@yopmail.com,7610336
109,Edyth,Salvidor,Edyth.Salvidor@yopmail.com,3443177
110,Melanie,Lane,Melanie.Lane@yopmail.com,6017957
111,Carmela,Richers,Carmela.Richers@yopmail.com,3345920
112,Xylina,Moina,Xylina.Moina@yopmail.com,4628393
113,Reeba,Elephus,Reeba.Elephus@yopmail.com,6208673
114,Lolita,Bertold,Lolita.Bertold@yopmail.com,2395889
115,Liana,Gavrila,Liana.Gavrila@yopmail.com,5801886
116,Tabbatha,Hathaway,Tabbatha.Hathaway@yopmail.com,5997802
117,Agathe,Ranjiv,Agathe.Ranjiv@yopmail.com,3785805
118,Corene,Howlyn,Corene.Howlyn@yopmail.com,5360628
119,Sabina,Schonfeld,Sabina.Schonfeld@yopmail.com,3634001
120,Ayn,Orlene,Ayn.Orlene@yopmail.com,1848749
121,Mahalia,Lamoree,Mahalia.Lamoree@yopmail.com,3697230
122,Jasmina,Voletta,Jasmina.Voletta@yopmail.com,8629020
123,Nelle,Buffum,Nelle.Buffum@yopmail.com,7500457
124,Basia,Wenda,Basia.Wenda@yopmail.com,4791176
125,Paulita,Joachim,Paulita.Joachim@yopmail.com,8082077
126,Gloria,Nance,Gloria.Nance@yopmail.com,4008123
127,Amelia,Kylander,Amelia.Kylander@yopmail.com,9329877
128,Elbertina,Maiah,Elbertina.Maiah@yopmail.com,4714145
129,Tabbatha,Ricarda,Tabbatha.Ricarda@yopmail.com,3870831
130,Fina,Andrel,Fina.Andrel@yopmail.com,6546485
131,Perry,Neva,Perry.Neva@yopmail.com,6552004
132,Aaren,Mich,Aaren.Mich@yopmail.com,9133577
133,Oralee,Auberbach,Oralee.Auberbach@yopmail.com,7535966
134,Jaime,Leary,Jaime.Leary@yopmail.com,9747854
135,Joceline,Greyson,Joceline.Greyson@yopmail.com,8289020
136,Marcelline,Cullin,Marcelline.Cullin@yopmail.com,2573099
137,Mathilda,Land,Mathilda.Land@yopmail.com,2001322
138,Zondra,Jarib,Zondra.Jarib@yopmail.com,7099154
139,Laurene,Cristi,Laurene.Cristi@yopmail.com,5735184
140,Jennica,Niles,Jennica.Niles@yopmail.com,7473426
141,Agnese,Loleta,Agnese.Loleta@yopmail.com,3828102
142,Violet,Newell,Violet.Newell@yopmail.com,8736638
143,Charmaine,Payson,Charmaine.Payson@yopmail.com,9180338
144,Kristina,Maples,Kristina.Maples@yopmail.com,3433189
145,Bobinette,Heidt,Bobinette.Heidt@yopmail.com,1799997
146,Heddie,Tamsky,Heddie.Tamsky@yopmail.com,6956205
147,Nikki,Ammann,Nikki.Ammann@yopmail.com,5965029
148,Perry,Harday,Perry.Harday@yopmail.com,7051097
149,Miquela,Wenda,Miquela.Wenda@yopmail.com,1474282
150,Celene,Tamsky,Celene.Tamsky@yopmail.com,4168873
151,Jessy,Nore,Jessy.Nore@yopmail.com,6906480
152,Raina,Daveta,Raina.Daveta@yopmail.com,5792360
153,Maryellen,Quent,Maryellen.Quent@yopmail.com,1916383
154,Leia,Old,Leia.Old@yopmail.com,8317198
155,Kara-Lynn,Ruvolo,Kara-Lynn.Ruvolo@yopmail.com,5812925
156,Margalo,Shama,Margalo.Shama@yopmail.com,5947370
157,Cissiee,Poll,Cissiee.Poll@yopmail.com,8148122
158,Malina,Lenny,Malina.Lenny@yopmail.com,4632845
159,Yetty,Haldas,Yetty.Haldas@yopmail.com,3302174
160,Constance,Seligman,Constance.Seligman@yopmail.com,5125650
161,Nadine,Lorain,Nadine.Lorain@yopmail.com,9258323
162,Donnie,Felizio,Donnie.Felizio@yopmail.com,3262174
163,Pierette,Michella,Pierette.Michella@yopmail.com,4199046
164,Gerrie,Giule,Gerrie.Giule@yopmail.com,6910709
165,Gavrielle,An,Gavrielle.An@yopmail.com,5510972
166,Pollyanna,Rozanna,Pollyanna.Rozanna@yopmail.com,5567888
167,Alejandra,Hedve,Alejandra.Hedve@yopmail.com,6322370
168,Danika,Marisa,Danika.Marisa@yopmail.com,4276813
169,Leona,Marcellus,Leona.Marcellus@yopmail.com,9764299
170,Gisela,Schenck,Gisela.Schenck@yopmail.com,4118708
171,Harmonia,Leary,Harmonia.Leary@yopmail.com,5856361
172,Therine,Standing,Therine.Standing@yopmail.com,7183858
173,Clary,Delacourt,Clary.Delacourt@yopmail.com,7462499
174,Merry,Klemperer,Merry.Klemperer@yopmail.com,5199657
175,Chickie,Urania,Chickie.Urania@yopmail.com,5776866
176,Trudie,Azeria,Trudie.Azeria@yopmail.com,5637826
177,Sharlene,Tristram,Sharlene.Tristram@yopmail.com,2880537
178,Lilith,Burkle,Lilith.Burkle@yopmail.com,3052676
179,Beverley,Ball,Beverley.Ball@yopmail.com,3392462
180,Christian,Ambrosia,Christian.Ambrosia@yopmail.com,1448803
181,Tami,Marsden,Tami.Marsden@yopmail.com,2342355
182,Basia,Lesley,Basia.Lesley@yopmail.com,2031474
183,Flo,Toni,Flo.Toni@yopmail.com,6897737
184,Rochette,Roxanna,Rochette.Roxanna@yopmail.com,3144088
185,Kary,Jefferey,Kary.Jefferey@yopmail.com,6214590
186,Layla,Alisia,Layla.Alisia@yopmail.com,7113318
187,Joceline,Shields,Joceline.Shields@yopmail.com,2423752
188,Stevana,Lissi,Stevana.Lissi@yopmail.com,9467896
189,Netty,Hourigan,Netty.Hourigan@yopmail.com,1921980
190,Sheree,Adlare,Sheree.Adlare@yopmail.com,6020310
191,Amara,Emerson,Amara.Emerson@yopmail.com,4531852
192,Micheline,Kevon,Micheline.Kevon@yopmail.com,7255313
193,Ursulina,Taima,Ursulina.Taima@yopmail.com,3027358
194,Roz,Delila,Roz.Delila@yopmail.com,9845779
195,Louella,Vacuva,Louella.Vacuva@yopmail.com,6879648
196,Anestassia,Durware,Anestassia.Durware@yopmail.com,6843962
197,Allis,Hurley,Allis.Hurley@yopmail.com,6560635
198,Bee,Weaks,Bee.Weaks@yopmail.com,3315566
199,Steffane,Yate,Steffane.Yate@yopmail.com,7531387
200,Carlie,Jacqui,Carlie.Jacqui@yopmail.com,4061211
201,Lynnea,Izaak,Lynnea.Izaak@yopmail.com,4983014
202,Ethel,Madaih,Ethel.Madaih@yopmail.com,6309364
203,Mary,Burch,Mary.Burch@yopmail.com,1537687
204,Cyb,Drisko,Cyb.Drisko@yopmail.com,6738653
205,Sissy,MacIntosh,Sissy.MacIntosh@yopmail.com,1481337
206,Gaylene,Chesna,Gaylene.Chesna@yopmail.com,6680857
207,Karlee,Annice,Karlee.Annice@yopmail.com,3830004
208,Trudie,Merat,Trudie.Merat@yopmail.com,4455772
209,Vanessa,Jacqui,Vanessa.Jacqui@yopmail.com,4744291
210,Viviene,Zamora,Viviene.Zamora@yopmail.com,4564107
211,Nonnah,Connelly,Nonnah.Connelly@yopmail.com,6479015
212,Caressa,Dalli,Caressa.Dalli@yopmail.com,6486340
213,Carol-Jean,Morehouse,Carol-Jean.Morehouse@yopmail.com,8381157
214,Augustine,Shields,Augustine.Shields@yopmail.com,7432311
215,Henriette,Corilla,Henriette.Corilla@yopmail.com,8087049
216,Mallory,Seessel,Mallory.Seessel@yopmail.com,8749486
217,Pierette,Bendick,Pierette.Bendick@yopmail.com,9279798
218,Emilia,Alisia,Emilia.Alisia@yopmail.com,2083481
219,Pierette,Sophronia,Pierette.Sophronia@yopmail.com,4109093
220,Tressa,Linehan,Tressa.Linehan@yopmail.com,8507513
221,Cristine,Etom,Cristine.Etom@yopmail.com,1488604
222,Jessy,Faria,Jessy.Faria@yopmail.com,6806618
223,Fernande,Gilbertson,Fernande.Gilbertson@yopmail.com,7430711
224,Dulce,Catie,Dulce.Catie@yopmail.com,9626916
225,Lacie,Yorick,Lacie.Yorick@yopmail.com,4475765
226,Tani,Bertold,Tani.Bertold@yopmail.com,6265919
227,Dede,Brian,Dede.Brian@yopmail.com,2202002
228,Brooks,Noam,Brooks.Noam@yopmail.com,5874455
229,Maye,Beebe,Maye.Beebe@yopmail.com,1343117
230,Alia,Ferrell,Alia.Ferrell@yopmail.com,6219612
231,Roz,Pattin,Roz.Pattin@yopmail.com,9724833
232,Kerrin,Byrne,Kerrin.Byrne@yopmail.com,8632107
233,Sherrie,Pacorro,Sherrie.Pacorro@yopmail.com,5712897
234,Brianna,Lamoree,Brianna.Lamoree@yopmail.com,7195237
235,Lilith,Payson,Lilith.Payson@yopmail.com,1906972
236,Sam,McLaughlin,Sam.McLaughlin@yopmail.com,6506618
237,Marti,O'Neill,Marti.O'Neill@yopmail.com,8788044
238,Kara-Lynn,Cleavland,Kara-Lynn.Cleavland@yopmail.com,9706634
239,Tonia,Slifka,Tonia.Slifka@yopmail.com,8456683
240,Judy,Allare,Judy.Allare@yopmail.com,1824153
241,Aili,Vary,Aili.Vary@yopmail.com,4830346
242,Misha,Revkah,Misha.Revkah@yopmail.com,9146986
243,Jobi,Lail,Jobi.Lail@yopmail.com,4877274
244,Adele,Ammann,Adele.Ammann@yopmail.com,6377509
245,Lulita,Pauly,Lulita.Pauly@yopmail.com,4393621
246,Olivette,Holtz,Olivette.Holtz@yopmail.com,8796324
247,Dulcinea,Kiyoshi,Dulcinea.Kiyoshi@yopmail.com,2627349
248,Carmela,Means,Carmela.Means@yopmail.com,7742081
249,Adele,Lemuela,Adele.Lemuela@yopmail.com,5718286
250,Chere,Vanni,Chere.Vanni@yopmail.com,8934622
251,Viviene,Lory,Viviene.Lory@yopmail.com,6234515
252,Maye,Dimitris,Maye.Dimitris@yopmail.com,1614907
253,Ezmeralda,Mott,Ezmeralda.Mott@yopmail.com,1721042
254,Marnia,Abbot,Marnia.Abbot@yopmail.com,7087188
255,Collen,Rosemary,Collen.Rosemary@yopmail.com,5521821
256,Claudina,Colbert,Claudina.Colbert@yopmail.com,4823800
257,Feliza,Destinee,Feliza.Destinee@yopmail.com,6872790
258,Janenna,Andrel,Janenna.Andrel@yopmail.com,1808791
259,Kellen,Rolf,Kellen.Rolf@yopmail.com,3796809
260,Marleah,Elbertina,Marleah.Elbertina@yopmail.com,8964406
261,Rosanne,Jehu,Rosanne.Jehu@yopmail.com,9075068
262,Xylina,Latini,Xylina.Latini@yopmail.com,6458136
263,Binny,Brunell,Binny.Brunell@yopmail.com,7186274
264,Zaria,Denis,Zaria.Denis@yopmail.com,1609283
265,Danny,Ramona,Danny.Ramona@yopmail.com,7284813
266,Dorthy,Ulphia,Dorthy.Ulphia@yopmail.com,3459858
267,Adelle,Drisko,Adelle.Drisko@yopmail.com,8451794
268,Ayn,Alisia,Ayn.Alisia@yopmail.com,6964254
269,Addia,Andrel,Addia.Andrel@yopmail.com,5931811
270,Maurene,Melleta,Maurene.Melleta@yopmail.com,8737255
271,Rosanne,Hashim,Rosanne.Hashim@yopmail.com,3741724
272,Chloris,Cyrie,Chloris.Cyrie@yopmail.com,7294543
273,Margette,Alrich,Margette.Alrich@yopmail.com,3431229
274,Judy,Koehler,Judy.Koehler@yopmail.com,7373769
275,Codie,Gordon,Codie.Gordon@yopmail.com,7318895
276,Madelle,Sherfield,Madelle.Sherfield@yopmail.com,9299184
277,Darci,Geffner,Darci.Geffner@yopmail.com,6506955
278,Tybie,Lissi,Tybie.Lissi@yopmail.com,6255851
279,Cassandra,Ortrude,Cassandra.Ortrude@yopmail.com,4141278
280,Sidoney,Gwenore,Sidoney.Gwenore@yopmail.com,7217693
281,Ekaterina,Persse,Ekaterina.Persse@yopmail.com,2043607
282,Shauna,Tamar,Shauna.Tamar@yopmail.com,9923952
283,Corry,Jenness,Corry.Jenness@yopmail.com,3738704
284,Heddie,Malanie,Heddie.Malanie@yopmail.com,7237699
285,Debee,Eugenia,Debee.Eugenia@yopmail.com,1786342
286,Eadie,Anis,Eadie.Anis@yopmail.com,9509365
287,Devina,Mott,Devina.Mott@yopmail.com,7134186
288,Hildegaard,Bryna,Hildegaard.Bryna@yopmail.com,1666234
289,Janey,Adore,Janey.Adore@yopmail.com,3577153
290,Janenna,Vharat,Janenna.Vharat@yopmail.com,4529409
291,Beverley,Ellord,Beverley.Ellord@yopmail.com,4726132
292,Tierney,Hashim,Tierney.Hashim@yopmail.com,1404928
293,Lyssa,Prober,Lyssa.Prober@yopmail.com,9384294
294,Dione,Hebner,Dione.Hebner@yopmail.com,5187090
295,Elena,Shirberg,Elena.Shirberg@yopmail.com,5406674
296,Chastity,Emanuel,Chastity.Emanuel@yopmail.com,7585155
297,Christy,Lenny,Christy.Lenny@yopmail.com,8811527
298,Olwen,Markman,Olwen.Markman@yopmail.com,5876556
299,Ketti,Raul,Ketti.Raul@yopmail.com,8954493
300,Margette,Haerr,Margette.Haerr@yopmail.com,8004142
301,Annecorinne,Schonfeld,Annecorinne.Schonfeld@yopmail.com,8548070
302,Jasmina,Bartlett,Jasmina.Bartlett@yopmail.com,6698572
303,Loree,Lilybelle,Loree.Lilybelle@yopmail.com,2099617
304,Shandie,Orlene,Shandie.Orlene@yopmail.com,6682896
305,Kayla,Louanna,Kayla.Louanna@yopmail.com,6896790
306,Babita,Yorick,Babita.Yorick@yopmail.com,7963049
307,Sheelagh,Wesle,Sheelagh.Wesle@yopmail.com,1763130
308,Maurene,Valerio,Maurene.Valerio@yopmail.com,9509088
309,Linzy,Bertold,Linzy.Bertold@yopmail.com,4314261
310,Selia,Anis,Selia.Anis@yopmail.com,7912245
311,Ivett,Kolnick,Ivett.Kolnick@yopmail.com,3931084
312,Karlee,Blase,Karlee.Blase@yopmail.com,4601679
313,Noelle,Raseda,Noelle.Raseda@yopmail.com,9513482
314,Ofilia,Pierette,Ofilia.Pierette@yopmail.com,7168774
315,Ardeen,Blisse,Ardeen.Blisse@yopmail.com,1532258
316,Consuela,Cordi,Consuela.Cordi@yopmail.com,2599680
317,Vita,Keelia,Vita.Keelia@yopmail.com,5597222
318,Ulrike,Orlene,Ulrike.Orlene@yopmail.com,8454568
319,Gilligan,Craggie,Gilligan.Craggie@yopmail.com,9831788
320,Nikki,Zrike,Nikki.Zrike@yopmail.com,5199332
321,Madeleine,Sophronia,Madeleine.Sophronia@yopmail.com,9015623
322,Marinna,Schlosser,Marinna.Schlosser@yopmail.com,1683786
323,Beverley,Secrest,Beverley.Secrest@yopmail.com,8791653
324,Alyda,Amasa,Alyda.Amasa@yopmail.com,7198576
325,Konstance,Harriman,Konstance.Harriman@yopmail.com,1318071
326,Tami,Sherfield,Tami.Sherfield@yopmail.com,7468328
327,Ekaterina,Rad,Ekaterina.Rad@yopmail.com,6463813
328,Tobe,Wenda,Tobe.Wenda@yopmail.com,1655020
329,Nannie,Evangelia,Nannie.Evangelia@yopmail.com,1757466
330,Claresta,Lubin,Claresta.Lubin@yopmail.com,5521502
331,Lanna,Sophronia,Lanna.Sophronia@yopmail.com,8821087
332,Eve,Vary,Eve.Vary@yopmail.com,7507572
333,Aubrie,Heisel,Aubrie.Heisel@yopmail.com,2701746
334,Ezmeralda,Rozanna,Ezmeralda.Rozanna@yopmail.com,7882400
335,Laure,Tomasina,Laure.Tomasina@yopmail.com,6108137
336,Elie,Obed,Elie.Obed@yopmail.com,3221405
337,Merci,Wenda,Merci.Wenda@yopmail.com,6528146
338,Valli,Eugenia,Valli.Eugenia@yopmail.com,5325476
339,Kalina,Etom,Kalina.Etom@yopmail.com,3767187
340,Minda,Chandler,Minda.Chandler@yopmail.com,7921725
341,Leanna,Wittie,Leanna.Wittie@yopmail.com,2295290
342,Kirbee,Bultman,Kirbee.Bultman@yopmail.com,4939652
343,Shandie,Ranjiv,Shandie.Ranjiv@yopmail.com,8508265
344,Adelle,Trinetta,Adelle.Trinetta@yopmail.com,4326451
345,Pearline,Imelida,Pearline.Imelida@yopmail.com,1531595
346,Eadie,Baudin,Eadie.Baudin@yopmail.com,9822556
347,Lyssa,Brenn,Lyssa.Brenn@yopmail.com,9096815
348,Rosene,Hilbert,Rosene.Hilbert@yopmail.com,1765107
349,Jorry,Kare,Jorry.Kare@yopmail.com,9703974
350,Frank,Suk,Frank.Suk@yopmail.com,1703120
351,Meriel,Riordan,Meriel.Riordan@yopmail.com,1714557
352,Deloria,Fredi,Deloria.Fredi@yopmail.com,5462796
353,Joeann,Karna,Joeann.Karna@yopmail.com,6735771
354,Brana,Karylin,Brana.Karylin@yopmail.com,8462068
355,Katleen,Hutchison,Katleen.Hutchison@yopmail.com,7755140
356,Clarice,Breed,Clarice.Breed@yopmail.com,4251533
357,Vere,Rheingold,Vere.Rheingold@yopmail.com,5565330
358,Christy,Keily,Christy.Keily@yopmail.com,4151123
359,Katleen,Bendick,Katleen.Bendick@yopmail.com,6941317
360,Rori,Neva,Rori.Neva@yopmail.com,8922679
361,Sadie,Lay,Sadie.Lay@yopmail.com,7963334
362,Misha,Karylin,Misha.Karylin@yopmail.com,4225492
363,Dorice,Odell,Dorice.Odell@yopmail.com,2736939
364,Ernesta,Malvino,Ernesta.Malvino@yopmail.com,2850386
365,Linzy,Bultman,Linzy.Bultman@yopmail.com,2146382
366,Kelly,Roarke,Kelly.Roarke@yopmail.com,3105345
367,Clarice,Edee,Clarice.Edee@yopmail.com,5765894
368,Ginnie,Ochs,Ginnie.Ochs@yopmail.com,6645630
369,Albertina,Bryna,Albertina.Bryna@yopmail.com,9293069
370,Gisela,Flita,Gisela.Flita@yopmail.com,2475658
371,Marcy,Rurik,Marcy.Rurik@yopmail.com,4775436
372,Christal,Richers,Christal.Richers@yopmail.com,2895199
373,Ada,Harned,Ada.Harned@yopmail.com,2984664
374,Ermengarde,Paton,Ermengarde.Paton@yopmail.com,6725186
375,Jinny,Lattie,Jinny.Lattie@yopmail.com,2741131
376,Codie,Emerson,Codie.Emerson@yopmail.com,9469929
377,Bettine,Kannry,Bettine.Kannry@yopmail.com,5780661
378,Addia,Aurelio,Addia.Aurelio@yopmail.com,2638635
379,Albertina,Buckler,Albertina.Buckler@yopmail.com,8211167
380,Nonnah,Kiersten,Nonnah.Kiersten@yopmail.com,1884876
381,Kelly,McLaughlin,Kelly.McLaughlin@yopmail.com,8097097
382,Natka,Pauly,Natka.Pauly@yopmail.com,6079376
383,Deedee,Bivins,Deedee.Bivins@yopmail.com,1221669
384,Orelia,Wind,Orelia.Wind@yopmail.com,1283309
385,Paola,Glenden,Paola.Glenden@yopmail.com,1146556
386,Jolyn,Kalinda,Jolyn.Kalinda@yopmail.com,1574545
387,Clarice,Sekofski,Clarice.Sekofski@yopmail.com,8581432
388,Fred,Brenn,Fred.Brenn@yopmail.com,8517794
389,Mara,Flyn,Mara.Flyn@yopmail.com,5211038
390,Shirlee,Paton,Shirlee.Paton@yopmail.com,3188704
391,Zondra,Gaspard,Zondra.Gaspard@yopmail.com,2836531
392,Dale,Georas,Dale.Georas@yopmail.com,9590032
393,Harrietta,Moina,Harrietta.Moina@yopmail.com,6108921
394,Audrie,Heidt,Audrie.Heidt@yopmail.com,4729274
395,Ashlee,Blase,Ashlee.Blase@yopmail.com,2099233
396,Mellicent,Erich,Mellicent.Erich@yopmail.com,8058046
397,Dyann,Marcellus,Dyann.Marcellus@yopmail.com,6727134
398,Annora,Ulphia,Annora.Ulphia@yopmail.com,3878541
399,Dawn,Monaco,Dawn.Monaco@yopmail.com,2892936
400,Bibby,Fennessy,Bibby.Fennessy@yopmail.com,1805904
401,Jordan,Thema,Jordan.Thema@yopmail.com,4421318
402,Rivalee,Suk,Rivalee.Suk@yopmail.com,5790581
403,Gratia,Whiffen,Gratia.Whiffen@yopmail.com,7334412
404,Dari,Maroney,Dari.Maroney@yopmail.com,5196584
405,Lorenza,Eiser,Lorenza.Eiser@yopmail.com,8129818
406,Nananne,Schroth,Nananne.Schroth@yopmail.com,9798716
407,Cathie,Tremayne,Cathie.Tremayne@yopmail.com,4858412
408,Stevana,Carvey,Stevana.Carvey@yopmail.com,8355867
409,Ardys,Abram,Ardys.Abram@yopmail.com,6648075
410,Selma,Modie,Selma.Modie@yopmail.com,1640276
411,Arlena,Publia,Arlena.Publia@yopmail.com,3836129
412,Janenna,Hieronymus,Janenna.Hieronymus@yopmail.com,8488881
413,Shirlee,Tatianas,Shirlee.Tatianas@yopmail.com,5218943
414,Shaine,Kauppi,Shaine.Kauppi@yopmail.com,4933926
415,Edee,Abbot,Edee.Abbot@yopmail.com,6887540
416,Aili,Afton,Aili.Afton@yopmail.com,4863357
417,Miquela,Alabaster,Miquela.Alabaster@yopmail.com,3711910
418,Etta,Aprile,Etta.Aprile@yopmail.com,7034440
419,Correy,Felecia,Correy.Felecia@yopmail.com,2341739
420,Lolita,Dyche,Lolita.Dyche@yopmail.com,2121784
421,Clementine,Minetta,Clementine.Minetta@yopmail.com,6043655
422,Glenda,Kalinda,Glenda.Kalinda@yopmail.com,9083137
423,Joceline,Bettine,Joceline.Bettine@yopmail.com,3179320
424,Merci,Kaete,Merci.Kaete@yopmail.com,6493107
425,Priscilla,Plato,Priscilla.Plato@yopmail.com,6086725
426,Fernande,Yerkovich,Fernande.Yerkovich@yopmail.com,9920339
427,Jacquetta,Iphlgenia,Jacquetta.Iphlgenia@yopmail.com,8928147
428,Mary,Warthman,Mary.Warthman@yopmail.com,1772914
429,Elora,Euridice,Elora.Euridice@yopmail.com,9983075
430,Darci,Celestine,Darci.Celestine@yopmail.com,8989949
431,Alameda,Secrest,Alameda.Secrest@yopmail.com,6061760
432,Nananne,Abram,Nananne.Abram@yopmail.com,9017294
433,Gwyneth,Iiette,Gwyneth.Iiette@yopmail.com,2421794
434,Georgina,Nadia,Georgina.Nadia@yopmail.com,2978869
435,Vere,Leler,Vere.Leler@yopmail.com,2736551
436,Collen,Thunell,Collen.Thunell@yopmail.com,1509570
437,Raquela,Dex,Raquela.Dex@yopmail.com,6779305
438,Ana,Kress,Ana.Kress@yopmail.com,2890604
439,Mady,Shields,Mady.Shields@yopmail.com,5372613
440,Annecorinne,Gherardo,Annecorinne.Gherardo@yopmail.com,1248104
441,Aurore,Lissi,Aurore.Lissi@yopmail.com,1498204
442,Judy,Carbo,Judy.Carbo@yopmail.com,8054225
443,Kenna,Knowling,Kenna.Knowling@yopmail.com,3410534
444,Therine,Melan,Therine.Melan@yopmail.com,7538212
445,Marline,Ciro,Marline.Ciro@yopmail.com,6750971
446,Dorice,Vivle,Dorice.Vivle@yopmail.com,1790757
447,Kial,Lalitta,Kial.Lalitta@yopmail.com,7764911
448,Deedee,Cookie,Deedee.Cookie@yopmail.com,6616240
449,Kate,Soneson,Kate.Soneson@yopmail.com,6380275
450,Penelopa,Jeanne,Penelopa.Jeanne@yopmail.com,3269620
451,Christian,Christal,Christian.Christal@yopmail.com,8206165
452,Emmey,Gaal,Emmey.Gaal@yopmail.com,6790575
453,Hope,Secrest,Hope.Secrest@yopmail.com,3454599
454,Marsiella,Wareing,Marsiella.Wareing@yopmail.com,4996166
455,Nananne,Malanie,Nananne.Malanie@yopmail.com,3029890
456,Annaliese,Rheingold,Annaliese.Rheingold@yopmail.com,6158557
457,Kore,Elvyn,Kore.Elvyn@yopmail.com,4605285
458,Marguerite,Edee,Marguerite.Edee@yopmail.com,4132546
459,Rozele,Alice,Rozele.Alice@yopmail.com,3963831
460,Corry,Sasnett,Corry.Sasnett@yopmail.com,5214653
461,Lynde,Juan,Lynde.Juan@yopmail.com,2174648
462,Oona,Brunell,Oona.Brunell@yopmail.com,9544861
463,Clary,Erskine,Clary.Erskine@yopmail.com,8078630
464,Vivia,Fairweather,Vivia.Fairweather@yopmail.com,4395161
465,Tatiania,Ellerey,Tatiania.Ellerey@yopmail.com,2156339
466,Jobi,Fancie,Jobi.Fancie@yopmail.com,7269837
467,Dolli,Etom,Dolli.Etom@yopmail.com,4536008
468,Aubrie,Pacorro,Aubrie.Pacorro@yopmail.com,6806770
469,Gale,Clarissa,Gale.Clarissa@yopmail.com,3296524
470,Emylee,Meli,Emylee.Meli@yopmail.com,4175614
471,Robbi,Robertson,Robbi.Robertson@yopmail.com,8583224
472,Sean,Ammann,Sean.Ammann@yopmail.com,5798876
473,Sonni,Connelly,Sonni.Connelly@yopmail.com,8745045
474,Sean,Turne,Sean.Turne@yopmail.com,4262864
475,Nessie,Doig,Nessie.Doig@yopmail.com,5997393
476,Celestyna,Solitta,Celestyna.Solitta@yopmail.com,9344595
477,Tracey,Weitman,Tracey.Weitman@yopmail.com,5825456
478,Aurore,Chesna,Aurore.Chesna@yopmail.com,8368114
479,Edee,Dowski,Edee.Dowski@yopmail.com,1092608
480,Odessa,Edmund,Odessa.Edmund@yopmail.com,3791171
481,Hope,Cynar,Hope.Cynar@yopmail.com,2790774
482,Anestassia,Eachern,Anestassia.Eachern@yopmail.com,1972606
483,Florie,Waldron,Florie.Waldron@yopmail.com,9147303
484,Hallie,Bennie,Hallie.Bennie@yopmail.com,4878985
485,Jenda,Brodench,Jenda.Brodench@yopmail.com,6037000
486,Alisha,Smitt,Alisha.Smitt@yopmail.com,4380365
487,Katuscha,Pattin,Katuscha.Pattin@yopmail.com,3049391
488,Kerrin,Stacy,Kerrin.Stacy@yopmail.com,6667671
489,Margalo,Juan,Margalo.Juan@yopmail.com,9331275
490,Karlee,Sandye,Karlee.Sandye@yopmail.com,1697179
491,Molli,Poppy,Molli.Poppy@yopmail.com,4592271
492,Vere,Taam,Vere.Taam@yopmail.com,7716472
493,Rosanne,Pandolfi,Rosanne.Pandolfi@yopmail.com,7581567
494,Wileen,Concha,Wileen.Concha@yopmail.com,9688895
495,Adriana,Giule,Adriana.Giule@yopmail.com,7066154
496,Antonietta,Vharat,Antonietta.Vharat@yopmail.com,6608631
497,Maisey,Kaete,Maisey.Kaete@yopmail.com,5050007
498,Danny,Vernier,Danny.Vernier@yopmail.com,9158347
499,Estell,Jobi,Estell.Jobi@yopmail.com,3516662
500,Vere,Estella,Vere.Estella@yopmail.com,9867275
501,Morganica,Lymann,Morganica.Lymann@yopmail.com,1237692
502,Carlie,Douglass,Carlie.Douglass@yopmail.com,7054719
503,Romona,Dorcy,Romona.Dorcy@yopmail.com,6923343
504,Sandie,Elisha,Sandie.Elisha@yopmail.com,8133161
505,Brana,Taam,Brana.Taam@yopmail.com,3403156
506,Jillayne,O'Neill,Jillayne.O'Neill@yopmail.com,4959513
507,Marleah,Fink,Marleah.Fink@yopmail.com,9025275
508,Arlena,Hebner,Arlena.Hebner@yopmail.com,2362689
509,Mathilda,Daveta,Mathilda.Daveta@yopmail.com,2292519
510,Katuscha,Saree,Katuscha.Saree@yopmail.com,9989058
511,Meghann,Duwalt,Meghann.Duwalt@yopmail.com,3292345
512,Sharlene,Myrilla,Sharlene.Myrilla@yopmail.com,1793946
513,Madelle,Hamil,Madelle.Hamil@yopmail.com,1250669
514,Gavrielle,Fontana,Gavrielle.Fontana@yopmail.com,1419065
515,Tracey,Grimbly,Tracey.Grimbly@yopmail.com,9678404
516,Correy,Afton,Correy.Afton@yopmail.com,6466400
517,Courtnay,Vastah,Courtnay.Vastah@yopmail.com,2880792
518,Rori,Sholley,Rori.Sholley@yopmail.com,7478379
519,Marcelline,Bergman,Marcelline.Bergman@yopmail.com,5924394
520,Patricia,Greenwald,Patricia.Greenwald@yopmail.com,8991668
521,Lanae,Rona,Lanae.Rona@yopmail.com,5616127
522,Petronia,Granoff,Petronia.Granoff@yopmail.com,9001211
523,Raina,Radu,Raina.Radu@yopmail.com,9070905
524,Amara,Morehouse,Amara.Morehouse@yopmail.com,2608354
525,Cissiee,Marcellus,Cissiee.Marcellus@yopmail.com,2996964
526,Latisha,Quent,Latisha.Quent@yopmail.com,1376160
527,Noelle,Kimmie,Noelle.Kimmie@yopmail.com,2318036
528,Flo,Bluh,Flo.Bluh@yopmail.com,1093664
529,Mahalia,Infield,Mahalia.Infield@yopmail.com,4767429
530,Ada,Sisile,Ada.Sisile@yopmail.com,1052325
531,Bobbi,Eugenia,Bobbi.Eugenia@yopmail.com,9077530
532,Edith,Wildermuth,Edith.Wildermuth@yopmail.com,3038217
533,Rori,Agle,Rori.Agle@yopmail.com,1630487
534,Lita,McCutcheon,Lita.McCutcheon@yopmail.com,8573265
535,Siana,Buttaro,Siana.Buttaro@yopmail.com,7341861
536,Barbi,Carleen,Barbi.Carleen@yopmail.com,1448880
537,Bobbi,Vittoria,Bobbi.Vittoria@yopmail.com,7972373
538,Aryn,Capello,Aryn.Capello@yopmail.com,1869379
539,Kathi,Hutchison,Kathi.Hutchison@yopmail.com,1072442
540,Lizzie,Annice,Lizzie.Annice@yopmail.com,9389855
541,Charmaine,Ioab,Charmaine.Ioab@yopmail.com,2551219
542,Aaren,Autrey,Aaren.Autrey@yopmail.com,7597781
543,Ulrike,Casimir,Ulrike.Casimir@yopmail.com,4553273
544,Luci,Harriman,Luci.Harriman@yopmail.com,7573928
545,Frieda,Lumbard,Frieda.Lumbard@yopmail.com,4715039
546,Dode,Harned,Dode.Harned@yopmail.com,9749340
547,Kristina,Fontana,Kristina.Fontana@yopmail.com,3994559
548,Fidelia,Bryna,Fidelia.Bryna@yopmail.com,5281643
549,Felice,Huggins,Felice.Huggins@yopmail.com,7529256
550,Grier,Tippets,Grier.Tippets@yopmail.com,9592627
551,Krystle,Afton,Krystle.Afton@yopmail.com,9215018
552,Lanna,Joachim,Lanna.Joachim@yopmail.com,4235846
553,Sindee,Tippets,Sindee.Tippets@yopmail.com,8629560
554,Ernesta,Alexandr,Ernesta.Alexandr@yopmail.com,5979510
555,Marita,Chinua,Marita.Chinua@yopmail.com,5256906
556,Gwenneth,Ingra,Gwenneth.Ingra@yopmail.com,9338598
557,Shannah,Karna,Shannah.Karna@yopmail.com,2253918
558,Juliane,Kesley,Juliane.Kesley@yopmail.com,1094641
559,Meriel,Rossner,Meriel.Rossner@yopmail.com,9478671
560,Lenna,Alejoa,Lenna.Alejoa@yopmail.com,8617640
561,Oralee,Himelman,Oralee.Himelman@yopmail.com,9696169
562,Carmela,Georas,Carmela.Georas@yopmail.com,3703494
563,Regina,Ingra,Regina.Ingra@yopmail.com,9721446
564,Alexine,Stelle,Alexine.Stelle@yopmail.com,1868250
565,Ariela,Ivens,Ariela.Ivens@yopmail.com,1712692
566,Christian,Tannie,Christian.Tannie@yopmail.com,9371193
567,Eadie,Arquit,Eadie.Arquit@yopmail.com,9207288
568,Karina,Elo,Karina.Elo@yopmail.com,7510496
569,Shel,Denis,Shel.Denis@yopmail.com,3069462
570,Berget,Elisha,Berget.Elisha@yopmail.com,4687780
571,Zaria,Pandolfi,Zaria.Pandolfi@yopmail.com,8704627
572,Drucie,Wallis,Drucie.Wallis@yopmail.com,3905193
573,Cyb,Hepsibah,Cyb.Hepsibah@yopmail.com,2032555
574,June,Lanita,June.Lanita@yopmail.com,5272935
575,Althea,Kiyoshi,Althea.Kiyoshi@yopmail.com,9428712
576,Theodora,Maurine,Theodora.Maurine@yopmail.com,3204062
577,Anestassia,Ackerley,Anestassia.Ackerley@yopmail.com,2066888
578,Micheline,Henebry,Micheline.Henebry@yopmail.com,3921033
579,Tami,Phaidra,Tami.Phaidra@yopmail.com,3452537
580,Hettie,Bahr,Hettie.Bahr@yopmail.com,1491872
581,Genevra,Arne,Genevra.Arne@yopmail.com,1539628
582,Sharai,Old,Sharai.Old@yopmail.com,4786888
583,Joceline,Orlene,Joceline.Orlene@yopmail.com,4635363
584,Heddie,Presber,Heddie.Presber@yopmail.com,2409808
585,Fanchon,Rad,Fanchon.Rad@yopmail.com,2518161
586,Halette,Bandeen,Halette.Bandeen@yopmail.com,6494585
587,Brena,Meli,Brena.Meli@yopmail.com,4240204
588,Corly,Jerold,Corly.Jerold@yopmail.com,4196772
589,Taffy,Emanuel,Taffy.Emanuel@yopmail.com,1255188
590,Averyl,Salvidor,Averyl.Salvidor@yopmail.com,3171160
591,Andree,Curren,Andree.Curren@yopmail.com,7194750
592,Olivette,Zuzana,Olivette.Zuzana@yopmail.com,9130180
593,Cyndie,Maisey,Cyndie.Maisey@yopmail.com,8697657
594,Dede,Uund,Dede.Uund@yopmail.com,8712860
595,Brandise,Burnside,Brandise.Burnside@yopmail.com,4541929
596,Gianina,Destinee,Gianina.Destinee@yopmail.com,9434219
597,Lulita,Wooster,Lulita.Wooster@yopmail.com,7455120
598,Nadine,Thar,Nadine.Thar@yopmail.com,3904671
599,Chastity,Garek,Chastity.Garek@yopmail.com,4119480
600,Annecorinne,Chaing,Annecorinne.Chaing@yopmail.com,2151393
601,Shirlee,Denis,Shirlee.Denis@yopmail.com,1287703
602,Janis,Florina,Janis.Florina@yopmail.com,6892926
603,Lusa,Chinua,Lusa.Chinua@yopmail.com,5794795
604,Marti,Dearborn,Marti.Dearborn@yopmail.com,9578845
605,Lilith,Katrine,Lilith.Katrine@yopmail.com,4621294
606,Deirdre,Lynn,Deirdre.Lynn@yopmail.com,2403695
607,Edee,Sherfield,Edee.Sherfield@yopmail.com,1903739
608,Frieda,Ricarda,Frieda.Ricarda@yopmail.com,4682616
609,Gwenneth,Rugen,Gwenneth.Rugen@yopmail.com,9441904
610,Meghann,Baudin,Meghann.Baudin@yopmail.com,9872310
611,Marita,Xerxes,Marita.Xerxes@yopmail.com,3127190
612,Iseabal,Ricki,Iseabal.Ricki@yopmail.com,7210195
613,Augustine,Sammons,Augustine.Sammons@yopmail.com,3864254
614,Iseabal,Neils,Iseabal.Neils@yopmail.com,8399003
615,Myriam,Leffen,Myriam.Leffen@yopmail.com,4991025
616,Elie,Masao,Elie.Masao@yopmail.com,5601009
617,Daune,Newell,Daune.Newell@yopmail.com,7597024
618,Gretal,Clarissa,Gretal.Clarissa@yopmail.com,5798669
619,Katleen,Gahl,Katleen.Gahl@yopmail.com,8607084
620,Lauryn,Loleta,Lauryn.Loleta@yopmail.com,2585146
621,Flory,Syd,Flory.Syd@yopmail.com,6750047
622,Heida,Christine,Heida.Christine@yopmail.com,6271362
623,Cam,Shuler,Cam.Shuler@yopmail.com,8731317
624,Chandra,Newell,Chandra.Newell@yopmail.com,4205630
625,Claresta,Parsaye,Claresta.Parsaye@yopmail.com,3144529
626,Letizia,Dielu,Letizia.Dielu@yopmail.com,2330951
627,Evaleen,Bouchard,Evaleen.Bouchard@yopmail.com,7848256
628,Dianemarie,Louanna,Dianemarie.Louanna@yopmail.com,2439248
629,Gerrie,Nisbet,Gerrie.Nisbet@yopmail.com,2279422
630,Candy,Socha,Candy.Socha@yopmail.com,1346048
631,Belva,Jefferey,Belva.Jefferey@yopmail.com,6601636
632,Merry,Lesley,Merry.Lesley@yopmail.com,2105679
633,Codie,Ashok,Codie.Ashok@yopmail.com,9365744
634,Delilah,Screens,Delilah.Screens@yopmail.com,5516374
635,Nanete,Screens,Nanete.Screens@yopmail.com,3954743
636,Hermione,Azeria,Hermione.Azeria@yopmail.com,5714588
637,Maryellen,Orelee,Maryellen.Orelee@yopmail.com,9230104
638,Micheline,Dosia,Micheline.Dosia@yopmail.com,5776701
639,Gertrud,Emmy,Gertrud.Emmy@yopmail.com,7122565
640,Myrtice,Helve,Myrtice.Helve@yopmail.com,5775144
641,Henriette,Mayeda,Henriette.Mayeda@yopmail.com,2688844
642,Lanna,Poppy,Lanna.Poppy@yopmail.com,2976574
643,Blinni,Laurianne,Blinni.Laurianne@yopmail.com,9203232
644,Jeanna,Janith,Jeanna.Janith@yopmail.com,4689746
645,Peri,Rurik,Peri.Rurik@yopmail.com,8463330
646,Margette,Teryn,Margette.Teryn@yopmail.com,9511008
647,Stephanie,Brunell,Stephanie.Brunell@yopmail.com,3158559
648,Trixi,Joachim,Trixi.Joachim@yopmail.com,8997448
649,Helsa,Stoller,Helsa.Stoller@yopmail.com,6034275
650,Rosene,Wandie,Rosene.Wandie@yopmail.com,9981262
651,Mireielle,Gale,Mireielle.Gale@yopmail.com,9902529
652,Fidelia,Rocray,Fidelia.Rocray@yopmail.com,8675955
653,Ernesta,Yam,Ernesta.Yam@yopmail.com,3353882
654,Vinita,Hepsibah,Vinita.Hepsibah@yopmail.com,1137112
655,Brynna,Konyn,Brynna.Konyn@yopmail.com,9348170
656,Susan,Ivens,Susan.Ivens@yopmail.com,4780155
657,Shandie,Agle,Shandie.Agle@yopmail.com,6738236
658,Lenna,Thilda,Lenna.Thilda@yopmail.com,5679390
659,Celisse,Bethany,Celisse.Bethany@yopmail.com,7418656
660,Emmey,Wind,Emmey.Wind@yopmail.com,6680311
661,Gianina,Bouchard,Gianina.Bouchard@yopmail.com,9186230
662,Eolanda,Willie,Eolanda.Willie@yopmail.com,5599705
663,Alie,Bury,Alie.Bury@yopmail.com,7519317
664,Annora,Kesley,Annora.Kesley@yopmail.com,6304835
665,Patricia,Pacorro,Patricia.Pacorro@yopmail.com,3456482
666,Wanda,Faria,Wanda.Faria@yopmail.com,4488071
667,Peri,Etom,Peri.Etom@yopmail.com,3818190
668,Rhoda,Carmena,Rhoda.Carmena@yopmail.com,3161184
669,Iseabal,Chandler,Iseabal.Chandler@yopmail.com,6651427
670,Bernardine,Taam,Bernardine.Taam@yopmail.com,7267085
671,Bertine,Cosenza,Bertine.Cosenza@yopmail.com,7333023
672,Mallory,Zaslow,Mallory.Zaslow@yopmail.com,3324430
673,Ernesta,Denis,Ernesta.Denis@yopmail.com,5740075
674,Shaine,Vittoria,Shaine.Vittoria@yopmail.com,5190606
675,Coral,Seessel,Coral.Seessel@yopmail.com,8958482
676,Jessamyn,Maroney,Jessamyn.Maroney@yopmail.com,7827174
677,Edith,Kamaria,Edith.Kamaria@yopmail.com,9640637
678,Maryellen,Sallyann,Maryellen.Sallyann@yopmail.com,8901311
679,Stacey,Naor,Stacey.Naor@yopmail.com,7508093
680,Sheelagh,Wu,Sheelagh.Wu@yopmail.com,9178720
681,Dagmar,Ethban,Dagmar.Ethban@yopmail.com,1477796
682,Maye,Dom,Maye.Dom@yopmail.com,2284186
683,Kary,Voletta,Kary.Voletta@yopmail.com,8854732
684,Melanie,Uund,Melanie.Uund@yopmail.com,4014910
685,Cristine,Vastah,Cristine.Vastah@yopmail.com,8111070
686,Etta,Tice,Etta.Tice@yopmail.com,8920162
687,Konstance,Toor,Konstance.Toor@yopmail.com,3941537
688,Randa,Maurine,Randa.Maurine@yopmail.com,3475657
689,Angela,Ortrude,Angela.Ortrude@yopmail.com,6095334
690,Carol-Jean,Bebe,Carol-Jean.Bebe@yopmail.com,2224389
691,Asia,Bari,Asia.Bari@yopmail.com,9344882
692,Helsa,Laurianne,Helsa.Laurianne@yopmail.com,7683524
693,Tierney,Swanhildas,Tierney.Swanhildas@yopmail.com,8756407
694,Corene,Waldron,Corene.Waldron@yopmail.com,6850434
695,Riannon,Kesley,Riannon.Kesley@yopmail.com,2437375
696,Nessie,Kenwood,Nessie.Kenwood@yopmail.com,1728112
697,Madelle,Velick,Madelle.Velick@yopmail.com,2843003
698,Kerrin,Klemperer,Kerrin.Klemperer@yopmail.com,2077222
699,Penelopa,Boehike,Penelopa.Boehike@yopmail.com,4760266
700,Zia,Thunell,Zia.Thunell@yopmail.com,6584444
701,Corry,Sheedy,Corry.Sheedy@yopmail.com,6746406
702,Cyb,Ailyn,Cyb.Ailyn@yopmail.com,9327317
703,Marylou,Hamil,Marylou.Hamil@yopmail.com,6999043
704,Estell,Gahl,Estell.Gahl@yopmail.com,2865624
705,Pamella,Tice,Pamella.Tice@yopmail.com,3053772
706,Danika,Travax,Danika.Travax@yopmail.com,5088909
707,Laure,Poppy,Laure.Poppy@yopmail.com,9250200
708,Vonny,Kronfeld,Vonny.Kronfeld@yopmail.com,4372550
709,Quintina,Chrystel,Quintina.Chrystel@yopmail.com,6668747
710,Talya,Drus,Talya.Drus@yopmail.com,3678532
711,Annora,Meli,Annora.Meli@yopmail.com,6927731
712,Iseabal,Jacinda,Iseabal.Jacinda@yopmail.com,5664637
713,Karly,Sadowski,Karly.Sadowski@yopmail.com,8530950
714,Sonni,Dituri,Sonni.Dituri@yopmail.com,6058705
715,Cathyleen,Gino,Cathyleen.Gino@yopmail.com,3162309
716,Iseabal,Clara,Iseabal.Clara@yopmail.com,4000348
717,Selia,Kristi,Selia.Kristi@yopmail.com,5015738
718,Mahalia,Elsinore,Mahalia.Elsinore@yopmail.com,4875630
719,Helsa,Haldas,Helsa.Haldas@yopmail.com,2854274
720,Frieda,Sholley,Frieda.Sholley@yopmail.com,5647513
721,Rosene,Ambrosia,Rosene.Ambrosia@yopmail.com,6782378
722,Lesly,Vins,Lesly.Vins@yopmail.com,3644718
723,Mallory,Pandolfi,Mallory.Pandolfi@yopmail.com,5635580
724,Edith,Gemini,Edith.Gemini@yopmail.com,9520583
725,Darci,Hurley,Darci.Hurley@yopmail.com,5014979
726,Sharlene,Kendrick,Sharlene.Kendrick@yopmail.com,6816635
727,Corly,Garek,Corly.Garek@yopmail.com,5395669
728,Mureil,Vharat,Mureil.Vharat@yopmail.com,9506092
729,Tabbatha,Drisko,Tabbatha.Drisko@yopmail.com,7888659
730,Donetta,Marlie,Donetta.Marlie@yopmail.com,8401046
731,Margarette,Schroth,Margarette.Schroth@yopmail.com,6748130
732,Georgetta,Maiah,Georgetta.Maiah@yopmail.com,7484505
733,Sam,Alarise,Sam.Alarise@yopmail.com,3043072
734,Betta,Charmine,Betta.Charmine@yopmail.com,5188994
735,Alia,Poppy,Alia.Poppy@yopmail.com,5077404
736,Vita,Aloise,Vita.Aloise@yopmail.com,5382837
737,Henriette,Grimbly,Henriette.Grimbly@yopmail.com,9008227
738,Lusa,Haerr,Lusa.Haerr@yopmail.com,7212364
739,Babita,Warthman,Babita.Warthman@yopmail.com,4425493
740,Selia,Bow,Selia.Bow@yopmail.com,1429966
741,Ira,Kiersten,Ira.Kiersten@yopmail.com,9747749
742,Roseline,Kronfeld,Roseline.Kronfeld@yopmail.com,3607352
743,Brooks,Pierette,Brooks.Pierette@yopmail.com,4646737
744,Berta,Kaete,Berta.Kaete@yopmail.com,4733235
745,Rhoda,Jalbert,Rhoda.Jalbert@yopmail.com,6563179
746,Grier,Lanita,Grier.Lanita@yopmail.com,8931053
747,Kial,Jess,Kial.Jess@yopmail.com,7802852
748,Shauna,Casimir,Shauna.Casimir@yopmail.com,6454551
749,Peri,Yoko,Peri.Yoko@yopmail.com,8640345
750,Ninnetta,Lorain,Ninnetta.Lorain@yopmail.com,5124270
751,Lynnea,Jess,Lynnea.Jess@yopmail.com,3039025
752,Laure,Vorster,Laure.Vorster@yopmail.com,9716662
753,Alyda,Merna,Alyda.Merna@yopmail.com,1501191
754,Lucille,Damarra,Lucille.Damarra@yopmail.com,1946759
755,Gabriellia,Rooney,Gabriellia.Rooney@yopmail.com,4462341
756,Ardys,Means,Ardys.Means@yopmail.com,9728689
757,Iseabal,Gaulin,Iseabal.Gaulin@yopmail.com,3957928
758,Ileana,Solitta,Ileana.Solitta@yopmail.com,8270841
759,Liana,Hachmin,Liana.Hachmin@yopmail.com,7464144
760,Teriann,Zenas,Teriann.Zenas@yopmail.com,3182770
761,Ada,Zina,Ada.Zina@yopmail.com,4059457
762,Corly,Raimondo,Corly.Raimondo@yopmail.com,4898964
763,Alyssa,Malanie,Alyssa.Malanie@yopmail.com,6204520
764,Janeczka,Diogenes,Janeczka.Diogenes@yopmail.com,6428982
765,Flory,Gamaliel,Flory.Gamaliel@yopmail.com,9678338
766,Mahalia,Erskine,Mahalia.Erskine@yopmail.com,8355013
767,Annabela,Faro,Annabela.Faro@yopmail.com,3916612
768,Orsola,Euridice,Orsola.Euridice@yopmail.com,5433893
769,Jerry,Anestassia,Jerry.Anestassia@yopmail.com,6992110
770,Madelle,Auberbach,Madelle.Auberbach@yopmail.com,9344574
771,Jsandye,Suk,Jsandye.Suk@yopmail.com,6325137
772,Danny,Sisile,Danny.Sisile@yopmail.com,9401567
773,Melodie,Wallis,Melodie.Wallis@yopmail.com,4557832
774,Kara-Lynn,Swanhildas,Kara-Lynn.Swanhildas@yopmail.com,7343022
775,Nelle,Alcott,Nelle.Alcott@yopmail.com,9623883
776,Carmela,Sekofski,Carmela.Sekofski@yopmail.com,4677480
777,Olwen,Cleavland,Olwen.Cleavland@yopmail.com,9027277
778,Claudina,Yuille,Claudina.Yuille@yopmail.com,2715329
779,Therine,Millda,Therine.Millda@yopmail.com,3629835
780,Heida,Nore,Heida.Nore@yopmail.com,6269697
781,Clo,Fax,Clo.Fax@yopmail.com,3460091
782,Genovera,Meli,Genovera.Meli@yopmail.com,4816084
783,Beverley,Kolnick,Beverley.Kolnick@yopmail.com,3442289
784,Phedra,Pozzy,Phedra.Pozzy@yopmail.com,6859060
785,Codie,Argus,Codie.Argus@yopmail.com,3918351
786,Oralee,Sacken,Oralee.Sacken@yopmail.com,2034825
787,Corry,Idelia,Corry.Idelia@yopmail.com,9502190
788,Dede,Taima,Dede.Taima@yopmail.com,7312260
789,Larine,Mike,Larine.Mike@yopmail.com,3981317
790,Eolanda,Hashim,Eolanda.Hashim@yopmail.com,2334153
791,Malina,Stevy,Malina.Stevy@yopmail.com,2361592
792,Eadie,Blake,Eadie.Blake@yopmail.com,1719218
793,Calla,Suzetta,Calla.Suzetta@yopmail.com,8034839
794,Nannie,Eckblad,Nannie.Eckblad@yopmail.com,9217716
795,Audrie,Janith,Audrie.Janith@yopmail.com,5903071
796,Mellicent,Hilbert,Mellicent.Hilbert@yopmail.com,1529285
797,Abbie,Publia,Abbie.Publia@yopmail.com,9530739
798,Nita,Leifeste,Nita.Leifeste@yopmail.com,8907239
799,Nicoli,Ventre,Nicoli.Ventre@yopmail.com,8034651
800,Darlleen,Glenden,Darlleen.Glenden@yopmail.com,8551952
801,Noelle,Llovera,Noelle.Llovera@yopmail.com,5968119
802,Donetta,Alejoa,Donetta.Alejoa@yopmail.com,3262613
803,Suzette,Euridice,Suzette.Euridice@yopmail.com,2359599
804,Lanae,Diogenes,Lanae.Diogenes@yopmail.com,4348316
805,Anestassia,Halla,Anestassia.Halla@yopmail.com,8164318
806,Kylynn,Shirberg,Kylynn.Shirberg@yopmail.com,6294457
807,Gloria,Teddman,Gloria.Teddman@yopmail.com,2437617
808,Dyann,Drisko,Dyann.Drisko@yopmail.com,1167791
809,Raf,Nore,Raf.Nore@yopmail.com,3576564
810,Sandie,Persse,Sandie.Persse@yopmail.com,8922286
811,Perry,Nester,Perry.Nester@yopmail.com,5894654
812,Jordan,Wildermuth,Jordan.Wildermuth@yopmail.com,5567880
813,Marline,Marsden,Marline.Marsden@yopmail.com,7793497
814,Olivette,Olin,Olivette.Olin@yopmail.com,7791769
815,Kaia,Tillford,Kaia.Tillford@yopmail.com,2187696
816,Natka,Oneida,Natka.Oneida@yopmail.com,2193240
817,Ottilie,Charity,Ottilie.Charity@yopmail.com,4909629
818,Imojean,Federica,Imojean.Federica@yopmail.com,4608502
819,Flo,Urania,Flo.Urania@yopmail.com,3668640
820,Averyl,Daveta,Averyl.Daveta@yopmail.com,8907929
821,Grier,Kellby,Grier.Kellby@yopmail.com,7143618
822,Laure,Travax,Laure.Travax@yopmail.com,2276070
823,Phedra,Krystle,Phedra.Krystle@yopmail.com,9098659
824,Danny,Carri,Danny.Carri@yopmail.com,6992437
825,Ann-Marie,Hull,Ann-Marie.Hull@yopmail.com,4559454
826,Peri,Amethist,Peri.Amethist@yopmail.com,6429785
827,Lorie,Stav,Lorie.Stav@yopmail.com,7644889
828,Etta,Cutlerr,Etta.Cutlerr@yopmail.com,3332668
829,Julieta,Carleen,Julieta.Carleen@yopmail.com,2685456
830,Farrah,Denis,Farrah.Denis@yopmail.com,3459614
831,Nickie,Hamil,Nickie.Hamil@yopmail.com,4365675
832,Codie,Philipp,Codie.Philipp@yopmail.com,1877806
833,Mahalia,Angelis,Mahalia.Angelis@yopmail.com,6719753
834,Alyda,Corilla,Alyda.Corilla@yopmail.com,8290017
835,Britte,Edvard,Britte.Edvard@yopmail.com,2434790
836,Aurelie,Winthorpe,Aurelie.Winthorpe@yopmail.com,3574376
837,Catharine,Vastah,Catharine.Vastah@yopmail.com,5146458
838,Kirstin,Santoro,Kirstin.Santoro@yopmail.com,5849223
839,Viviene,Swanhildas,Viviene.Swanhildas@yopmail.com,3664035
840,Neila,Cottle,Neila.Cottle@yopmail.com,8962599
841,Lilith,Ludewig,Lilith.Ludewig@yopmail.com,4262991
842,Mariann,Baylor,Mariann.Baylor@yopmail.com,7868931
843,Carmela,Havens,Carmela.Havens@yopmail.com,8673935
844,Harmonia,Alice,Harmonia.Alice@yopmail.com,9149623
845,Katuscha,Chapland,Katuscha.Chapland@yopmail.com,6003782
846,Gavrielle,Shirberg,Gavrielle.Shirberg@yopmail.com,8412675
847,Concettina,Dawkins,Concettina.Dawkins@yopmail.com,4032371
848,Julieta,Edvard,Julieta.Edvard@yopmail.com,6898408
849,Blake,Dudley,Blake.Dudley@yopmail.com,6741150
850,Misha,Goode,Misha.Goode@yopmail.com,2296307
851,Feliza,Colbert,Feliza.Colbert@yopmail.com,4500148
852,Berget,Gladstone,Berget.Gladstone@yopmail.com,3794673
853,Stacey,Lay,Stacey.Lay@yopmail.com,5457869
854,Cassondra,Kravits,Cassondra.Kravits@yopmail.com,7564948
855,Jacquetta,Rona,Jacquetta.Rona@yopmail.com,6094073
856,Lorie,Kristi,Lorie.Kristi@yopmail.com,3605801
857,Deirdre,Madelene,Deirdre.Madelene@yopmail.com,9014730
858,Linet,Jefferey,Linet.Jefferey@yopmail.com,8315986
859,Ernesta,Kravits,Ernesta.Kravits@yopmail.com,9803130
860,Chloris,Hewitt,Chloris.Hewitt@yopmail.com,1976359
861,Desirae,Harday,Desirae.Harday@yopmail.com,5358258
862,Ginnie,Valerio,Ginnie.Valerio@yopmail.com,3881845
863,Larine,Oriana,Larine.Oriana@yopmail.com,4709547
864,Rosabelle,Sallyann,Rosabelle.Sallyann@yopmail.com,1543190
865,Correy,Tjon,Correy.Tjon@yopmail.com,7133719
866,Brooks,Sisile,Brooks.Sisile@yopmail.com,3844765
867,Basia,Reneta,Basia.Reneta@yopmail.com,1894477
868,Cassandra,Hoban,Cassandra.Hoban@yopmail.com,8787721
869,Alex,Behre,Alex.Behre@yopmail.com,3290156
870,Eolanda,Wesle,Eolanda.Wesle@yopmail.com,8907564
871,Almeta,Ferino,Almeta.Ferino@yopmail.com,9450233
872,Juliane,Payson,Juliane.Payson@yopmail.com,7943632
873,Althea,Maiah,Althea.Maiah@yopmail.com,5518955
874,Nicoli,Podvin,Nicoli.Podvin@yopmail.com,8867691
875,Laurene,Shirberg,Laurene.Shirberg@yopmail.com,8112737
876,Lulita,Hamil,Lulita.Hamil@yopmail.com,3283375
877,Di,Evvie,Di.Evvie@yopmail.com,2739218
878,Regina,Jerald,Regina.Jerald@yopmail.com,9247050
879,Leeanne,Vittoria,Leeanne.Vittoria@yopmail.com,3103737
880,Florie,Kolnick,Florie.Kolnick@yopmail.com,8422440
881,Odessa,Arathorn,Odessa.Arathorn@yopmail.com,4607166
882,Zia,Konyn,Zia.Konyn@yopmail.com,5076882
883,Karlee,Argus,Karlee.Argus@yopmail.com,9935744
884,Kimmy,Hewitt,Kimmy.Hewitt@yopmail.com,7081636
885,Tatiania,Lilybelle,Tatiania.Lilybelle@yopmail.com,3843606
886,Fayre,Seumas,Fayre.Seumas@yopmail.com,4101766
887,Monika,Philipp,Monika.Philipp@yopmail.com,3941739
888,Valeda,Hanshaw,Valeda.Hanshaw@yopmail.com,7621815
889,Mildrid,Jagir,Mildrid.Jagir@yopmail.com,7453825
890,Nananne,Harriman,Nananne.Harriman@yopmail.com,9627154
891,Aigneis,Suzetta,Aigneis.Suzetta@yopmail.com,8428487
892,Arlena,Tippets,Arlena.Tippets@yopmail.com,8281800
893,Emmey,Dawkins,Emmey.Dawkins@yopmail.com,3629627
894,Courtnay,Colyer,Courtnay.Colyer@yopmail.com,5045358
895,Frances,Rocray,Frances.Rocray@yopmail.com,6871589
896,Chandra,Izaak,Chandra.Izaak@yopmail.com,7630741
897,Kate,Alice,Kate.Alice@yopmail.com,4864111
898,Sibella,Meter,Sibella.Meter@yopmail.com,9555075
899,Lisette,Rossner,Lisette.Rossner@yopmail.com,9709209
900,Katharina,Xerxes,Katharina.Xerxes@yopmail.com,9778979
901,Melodie,Stilwell,Melodie.Stilwell@yopmail.com,8049020
902,Bernardine,Artie,Bernardine.Artie@yopmail.com,5687568
903,Belva,Thunell,Belva.Thunell@yopmail.com,7065223
904,Cecile,Olympium,Cecile.Olympium@yopmail.com,8632715
905,Jessamyn,Linskey,Jessamyn.Linskey@yopmail.com,7487269
906,Calla,Margarete,Calla.Margarete@yopmail.com,4328689
907,Mary,Medrek,Mary.Medrek@yopmail.com,9429947
908,Robinia,Miru,Robinia.Miru@yopmail.com,1130389
909,Jerry,Christine,Jerry.Christine@yopmail.com,9221801
910,Devina,Kare,Devina.Kare@yopmail.com,7142768
911,Caritta,Wilona,Caritta.Wilona@yopmail.com,9516942
912,Farrah,Boehike,Farrah.Boehike@yopmail.com,3231120
913,Starla,Borrell,Starla.Borrell@yopmail.com,4099648
914,Corly,Hermes,Corly.Hermes@yopmail.com,4570379
915,Henriette,Quent,Henriette.Quent@yopmail.com,3218518
916,Christian,Schonfeld,Christian.Schonfeld@yopmail.com,8534619
917,Merrie,Earlie,Merrie.Earlie@yopmail.com,6180614
918,Paule,Diann,Paule.Diann@yopmail.com,1059707
919,Cacilie,Alva,Cacilie.Alva@yopmail.com,7612080
920,Lulita,Freddi,Lulita.Freddi@yopmail.com,3712469
921,Janeczka,Garlinda,Janeczka.Garlinda@yopmail.com,7644564
922,Frances,Barbey,Frances.Barbey@yopmail.com,2810514
923,Rhoda,Clara,Rhoda.Clara@yopmail.com,4040527
924,Fanny,Candy,Fanny.Candy@yopmail.com,1147920
925,Gusty,Thad,Gusty.Thad@yopmail.com,6603837
926,Clarice,Chandler,Clarice.Chandler@yopmail.com,6555869
927,Orelia,Connelly,Orelia.Connelly@yopmail.com,5921947
928,Dulce,Sundin,Dulce.Sundin@yopmail.com,4780173
929,Wynne,Uund,Wynne.Uund@yopmail.com,8106894
930,Roz,Lucienne,Roz.Lucienne@yopmail.com,4888368
931,Concettina,Baylor,Concettina.Baylor@yopmail.com,3961281
932,Lorie,Fancie,Lorie.Fancie@yopmail.com,1816551
933,Nerta,Etom,Nerta.Etom@yopmail.com,1112482
934,Dorice,Georas,Dorice.Georas@yopmail.com,1079331
935,Ellette,Ader,Ellette.Ader@yopmail.com,4932362
936,Sharlene,Huggins,Sharlene.Huggins@yopmail.com,1731194
937,Alia,Sibyls,Alia.Sibyls@yopmail.com,5643810
938,Emmey,Tengdin,Emmey.Tengdin@yopmail.com,4498367
939,Lynde,Kaete,Lynde.Kaete@yopmail.com,8831859
940,Anica,Kress,Anica.Kress@yopmail.com,5248413
941,Ethel,Rona,Ethel.Rona@yopmail.com,5759525
942,Kial,McNully,Kial.McNully@yopmail.com,2502862
943,Steffane,Corilla,Steffane.Corilla@yopmail.com,9457980
944,Dianemarie,Kannry,Dianemarie.Kannry@yopmail.com,4581574
945,Karlee,Toffic,Karlee.Toffic@yopmail.com,8047662
946,Kimmy,Bertold,Kimmy.Bertold@yopmail.com,3161894
947,Lenna,Nicoline,Lenna.Nicoline@yopmail.com,7757017
948,Therine,Keily,Therine.Keily@yopmail.com,6937241
949,Halette,Shelba,Halette.Shelba@yopmail.com,2385070
950,Aeriela,Hashim,Aeriela.Hashim@yopmail.com,7084866
951,Lanae,Melleta,Lanae.Melleta@yopmail.com,3975255
952,Tera,Daegal,Tera.Daegal@yopmail.com,8395585
953,Lilith,Simmonds,Lilith.Simmonds@yopmail.com,2586837
954,Almeta,Corilla,Almeta.Corilla@yopmail.com,4237081
955,Rhea,Chesna,Rhea.Chesna@yopmail.com,2083145
956,Chere,Ophelia,Chere.Ophelia@yopmail.com,7059640
957,Brana,Rosemary,Brana.Rosemary@yopmail.com,3896481
958,Micheline,Eugenia,Micheline.Eugenia@yopmail.com,7714430
959,Chere,Tremayne,Chere.Tremayne@yopmail.com,6063350
960,Marline,Bibi,Marline.Bibi@yopmail.com,6287065
961,Lizzie,Brodench,Lizzie.Brodench@yopmail.com,5753744
962,Katuscha,Rudolph,Katuscha.Rudolph@yopmail.com,8885861
963,Blondelle,Nadia,Blondelle.Nadia@yopmail.com,1383891
964,Norine,Fabiola,Norine.Fabiola@yopmail.com,5909994
965,Fanny,Ferino,Fanny.Ferino@yopmail.com,5272861
966,Leeanne,Tippets,Leeanne.Tippets@yopmail.com,4566845
967,Laurene,Fontana,Laurene.Fontana@yopmail.com,2506207
968,Madelle,Dowski,Madelle.Dowski@yopmail.com,4669367
969,Alia,Herrera,Alia.Herrera@yopmail.com,1195412
970,Dorene,Means,Dorene.Means@yopmail.com,1187920
971,Nicoli,Barrus,Nicoli.Barrus@yopmail.com,6478696
972,Rosabelle,Blase,Rosabelle.Blase@yopmail.com,1782696
973,Loree,Nisbet,Loree.Nisbet@yopmail.com,2071008
974,Amalie,Smitt,Amalie.Smitt@yopmail.com,5603896
975,Janeczka,Granoff,Janeczka.Granoff@yopmail.com,9910428
976,Tori,Mott,Tori.Mott@yopmail.com,5841892
977,Madelle,Klemperer,Madelle.Klemperer@yopmail.com,9132320
978,Belinda,Montgomery,Belinda.Montgomery@yopmail.com,5145570
979,Lorne,Rugen,Lorne.Rugen@yopmail.com,3559541
980,Hannis,Blisse,Hannis.Blisse@yopmail.com,2467994
981,Tierney,Tyson,Tierney.Tyson@yopmail.com,2467672
982,Claudina,Redmond,Claudina.Redmond@yopmail.com,6289650
983,Evita,Leifeste,Evita.Leifeste@yopmail.com,6938240
984,Latisha,Parette,Latisha.Parette@yopmail.com,2459895
985,Lila,Saint,Lila.Saint@yopmail.com,9066649
986,Wanda,Konyn,Wanda.Konyn@yopmail.com,7759956
987,Nickie,Tillford,Nickie.Tillford@yopmail.com,7088692
988,Molli,Tyson,Molli.Tyson@yopmail.com,2432465
989,Annecorinne,Dituri,Annecorinne.Dituri@yopmail.com,8082312
990,Marline,Winthorpe,Marline.Winthorpe@yopmail.com,7274356
991,Larine,Raseda,Larine.Raseda@yopmail.com,7051490
992,Kelly,Candy,Kelly.Candy@yopmail.com,7869854
993,Nataline,Cimbura,Nataline.Cimbura@yopmail.com,7145430
994,Basia,Schroth,Basia.Schroth@yopmail.com,6759587
995,Bertine,Alrich,Bertine.Alrich@yopmail.com,5946718
996,Max,Barrus,Max.Barrus@yopmail.com,7594818
997,Gerianna,Hermes,Gerianna.Hermes@yopmail.com,7063391
998,Edee,Ranjiv,Edee.Ranjiv@yopmail.com,5008250
999,Rhea,Douglass,Rhea.Douglass@yopmail.com,3935065
1000,Nikki,Ball,Nikki.Ball@yopmail.com,2600769
1001,Ernesta,Tryck,Ernesta.Tryck@yopmail.com,9156272
1002,Elka,Bach,Elka.Bach@yopmail.com,5508104
1003,Collen,Hurley,Collen.Hurley@yopmail.com,6181891
1004,Claresta,Ailyn,Claresta.Ailyn@yopmail.com,5946492
1005,Binny,Rogerio,Binny.Rogerio@yopmail.com,6602552
1006,Leia,Neils,Leia.Neils@yopmail.com,7287275
1007,Aryn,Lucienne,Aryn.Lucienne@yopmail.com,9225309
1008,Angelique,Sholley,Angelique.Sholley@yopmail.com,2740297
1009,Raina,Wenoa,Raina.Wenoa@yopmail.com,7711976
1010,Clary,Uird,Clary.Uird@yopmail.com,8708989
1011,Sean,Lucienne,Sean.Lucienne@yopmail.com,5527079
1012,Brana,Loeb,Brana.Loeb@yopmail.com,6204944
1013,Emilia,Rosalba,Emilia.Rosalba@yopmail.com,9685697
1014,Nikki,Jammal,Nikki.Jammal@yopmail.com,1938933
1015,Verla,Hedve,Verla.Hedve@yopmail.com,8175075
1016,Mara,Fosque,Mara.Fosque@yopmail.com,5730377
1017,Lonnie,Gombach,Lonnie.Gombach@yopmail.com,2347919
1018,Chrystel,Janene,Chrystel.Janene@yopmail.com,2305066
1019,Charissa,Gaulin,Charissa.Gaulin@yopmail.com,8732544
1020,Jorry,Ilka,Jorry.Ilka@yopmail.com,2142473
1021,Taffy,Serilda,Taffy.Serilda@yopmail.com,1269930
1022,Vevay,Fiester,Vevay.Fiester@yopmail.com,7004222
1023,Ezmeralda,Baylor,Ezmeralda.Baylor@yopmail.com,7520249
1024,Tamqrah,Pettiford,Tamqrah.Pettiford@yopmail.com,5498676
1025,Lynea,Joni,Lynea.Joni@yopmail.com,7370656
1026,Reeba,Tybald,Reeba.Tybald@yopmail.com,9545519
1027,Noelle,Norvol,Noelle.Norvol@yopmail.com,3560397
1028,Hope,Raimondo,Hope.Raimondo@yopmail.com,6553785
1029,Ida,Alexandr,Ida.Alexandr@yopmail.com,9473982
1030,Heddie,Fulmer,Heddie.Fulmer@yopmail.com,7189601
1031,Florie,Thema,Florie.Thema@yopmail.com,6808903
1032,Ashlee,Margarete,Ashlee.Margarete@yopmail.com,9022185
1033,Aaren,Grimbly,Aaren.Grimbly@yopmail.com,1120015
1034,Robinia,Abram,Robinia.Abram@yopmail.com,8232749
1035,Coral,Lymann,Coral.Lymann@yopmail.com,7816082
1036,Lacie,Woodberry,Lacie.Woodberry@yopmail.com,4985601
1037,Rosabelle,Peg,Rosabelle.Peg@yopmail.com,2756682
1038,Paulita,Ricki,Paulita.Ricki@yopmail.com,7493959
1039,Janey,Vilma,Janey.Vilma@yopmail.com,8995503
1040,Deloria,Schonfeld,Deloria.Schonfeld@yopmail.com,8089413
1041,Ronna,Gale,Ronna.Gale@yopmail.com,3460534
1042,Kore,Winthorpe,Kore.Winthorpe@yopmail.com,2561836
1043,Joelly,Manolo,Joelly.Manolo@yopmail.com,2653297
1044,Charmaine,Parette,Charmaine.Parette@yopmail.com,9982161
1045,Vita,Brenn,Vita.Brenn@yopmail.com,1400050
1046,Kore,Reneta,Kore.Reneta@yopmail.com,3047213
1047,Nikki,Hilbert,Nikki.Hilbert@yopmail.com,1382696
1048,Shannah,Fax,Shannah.Fax@yopmail.com,5986633
1049,Charlena,Cleavland,Charlena.Cleavland@yopmail.com,3350709
1050,Philis,Federica,Philis.Federica@yopmail.com,3930482
1051,Verla,Susannah,Verla.Susannah@yopmail.com,3309349
1052,Aurore,Carey,Aurore.Carey@yopmail.com,2169866
1053,Kara-Lynn,Nea,Kara-Lynn.Nea@yopmail.com,3409911
1054,Tomasina,Therine,Tomasina.Therine@yopmail.com,1011049
1055,Cherilyn,Zuzana,Cherilyn.Zuzana@yopmail.com,1397449
1056,Maisey,Gherardo,Maisey.Gherardo@yopmail.com,4949471
1057,Kristina,Riordan,Kristina.Riordan@yopmail.com,6901979
1058,Misha,Schonfeld,Misha.Schonfeld@yopmail.com,6537493
1059,Talya,Kalinda,Talya.Kalinda@yopmail.com,4663282
1060,Annecorinne,Gert,Annecorinne.Gert@yopmail.com,2612363
1061,Riannon,Gusella,Riannon.Gusella@yopmail.com,5668861
1062,Taffy,Nahum,Taffy.Nahum@yopmail.com,9305707
1063,Giustina,Maisey,Giustina.Maisey@yopmail.com,2725909
1064,Alexine,Dannye,Alexine.Dannye@yopmail.com,1928470
1065,Amara,Nore,Amara.Nore@yopmail.com,4070485
1066,Allis,Lilas,Allis.Lilas@yopmail.com,9207806
1067,Sara-Ann,Harl,Sara-Ann.Harl@yopmail.com,1435220
1068,Marti,My,Marti.My@yopmail.com,2528675
1069,Karlee,Strephon,Karlee.Strephon@yopmail.com,4498528
1070,Alie,Sharl,Alie.Sharl@yopmail.com,9283722
1071,Aimil,Zitvaa,Aimil.Zitvaa@yopmail.com,1453140
1072,Violet,Cavan,Violet.Cavan@yopmail.com,9947962
1073,Gabi,Kristi,Gabi.Kristi@yopmail.com,8423948
1074,Riannon,Thunell,Riannon.Thunell@yopmail.com,6614305
1075,Britte,Byrne,Britte.Byrne@yopmail.com,6425055
1076,Pamella,Carmena,Pamella.Carmena@yopmail.com,3447288
1077,Dode,Giff,Dode.Giff@yopmail.com,6418736
1078,Cyb,Isacco,Cyb.Isacco@yopmail.com,1179722
1079,Carmencita,Cressida,Carmencita.Cressida@yopmail.com,4549674
1080,Sindee,Merna,Sindee.Merna@yopmail.com,9508856
1081,Bettine,Teddman,Bettine.Teddman@yopmail.com,2892127
1082,Ana,Waldron,Ana.Waldron@yopmail.com,9180253
1083,Xylina,Grimbly,Xylina.Grimbly@yopmail.com,9218225
1084,Lila,Irmine,Lila.Irmine@yopmail.com,6464883
1085,Hope,Huggins,Hope.Huggins@yopmail.com,3033430
1086,Claudina,Fink,Claudina.Fink@yopmail.com,6546167
1087,Chandra,Telfer,Chandra.Telfer@yopmail.com,7514284
1088,Kayla,Lemuela,Kayla.Lemuela@yopmail.com,7222778
1089,Fawne,Wyn,Fawne.Wyn@yopmail.com,8886982
1090,Phedra,Orlene,Phedra.Orlene@yopmail.com,3836211
1091,Kayla,Wildermuth,Kayla.Wildermuth@yopmail.com,9661050
1092,Raina,Nester,Raina.Nester@yopmail.com,4875642
1093,Mureil,Poll,Mureil.Poll@yopmail.com,4305096
1094,Riannon,Arley,Riannon.Arley@yopmail.com,3245046
1095,Helsa,Ader,Helsa.Ader@yopmail.com,9382283
1096,Caressa,Rillings,Caressa.Rillings@yopmail.com,7771080
1097,Bernie,Tayib,Bernie.Tayib@yopmail.com,7940628
1098,Renae,Stover,Renae.Stover@yopmail.com,8808180
1099,Gisela,Ailyn,Gisela.Ailyn@yopmail.com,2244385
